<annotation>
	<folder>JPEGImages</folder>
	<filename>Atopic_dermatitis_1_18.jpg</filename>
	<path>C:\Users\fdd2013326601001\Desktop\SR\mmdetection-add-BESRGAN\data\VOCdevkit\VOC2007\JPEGImages\Atopic_dermatitis_1_18.jpg</path>
	<source>
		<database>Unknown</database>
	</source>
	<size>
		<width>1024</width>
		<height>680</height>
		<depth>3</depth>
	</size>
	<segmented>0</segmented>
	<object>
		<name>Atopic dermatitis</name>
		<pose>Unspecified</pose>
		<truncated>0</truncated>
		<difficult>0</difficult>
		<bndbox>
			<xmin>547</xmin>
			<ymin>190</ymin>
			<xmax>818</xmax>
			<ymax>662</ymax>
		</bndbox>
	</object>
</annotation>
