<annotation>
	<folder>Atopic_dermatitis</folder>
	<filename>Atopic_dermatitis_151.jpg</filename>
	<path>C:\Users\ASUS\Desktop\images\Atopic_dermatitis\Atopic_dermatitis_151.jpg</path>
	<source>
		<database>Unknown</database>
	</source>
	<size>
		<width>168</width>
		<height>120</height>
		<depth>3</depth>
	</size>
	<segmented>0</segmented>
	<object>
		<name>Atopic dermatitis</name>
		<pose>Unspecified</pose>
		<truncated>0</truncated>
		<difficult>0</difficult>
		<bndbox>
			<xmin>21</xmin>
			<ymin>25</ymin>
			<xmax>49</xmax>
			<ymax>49</ymax>
		</bndbox>
	</object>
	<object>
		<name>Atopic dermatitis</name>
		<pose>Unspecified</pose>
		<truncated>0</truncated>
		<difficult>0</difficult>
		<bndbox>
			<xmin>72</xmin>
			<ymin>31</ymin>
			<xmax>158</xmax>
			<ymax>104</ymax>
		</bndbox>
	</object>
	<object>
		<name>Atopic dermatitis</name>
		<pose>Unspecified</pose>
		<truncated>0</truncated>
		<difficult>0</difficult>
		<bndbox>
			<xmin>44</xmin>
			<ymin>66</ymin>
			<xmax>56</xmax>
			<ymax>78</ymax>
		</bndbox>
	</object>
</annotation>
