<annotation>
	<folder>JPEGImages_SR</folder>
	<filename>Atopic_dermatitis_1_134.jpg</filename>
	<path>C:\Users\ASUS\Desktop\data\VOCdevkit\VOC2007\JPEGImages_SR\Atopic_dermatitis_1_134.jpg</path>
	<source>
		<database>Unknown</database>
	</source>
	<size>
		<width>166</width>
		<height>120</height>
		<depth>3</depth>
	</size>
	<segmented>0</segmented>
	<object>
		<name>Atopic dermatitis</name>
		<pose>Unspecified</pose>
		<truncated>0</truncated>
		<difficult>0</difficult>
		<bndbox>
			<xmin>17</xmin>
			<ymin>56</ymin>
			<xmax>73</xmax>
			<ymax>70</ymax>
		</bndbox>
	</object>
	<object>
		<name>Atopic dermatitis</name>
		<pose>Unspecified</pose>
		<truncated>0</truncated>
		<difficult>0</difficult>
		<bndbox>
			<xmin>89</xmin>
			<ymin>54</ymin>
			<xmax>142</xmax>
			<ymax>74</ymax>
		</bndbox>
	</object>
</annotation>
