<annotation>
	<folder>Atopic_dermatitis</folder>
	<filename>Atopic_dermatitis_1_5.jpg</filename>
	<path>C:\Users\ASUS\Desktop\model\images(2022.05.08)\Atopic_dermatitis\Atopic_dermatitis_1_5.jpg</path>
	<source>
		<database>Unknown</database>
	</source>
	<size>
		<width>361</width>
		<height>240</height>
		<depth>3</depth>
	</size>
	<segmented>0</segmented>
	<object>
		<name>Atopic dermatitis</name>
		<pose>Unspecified</pose>
		<truncated>0</truncated>
		<difficult>0</difficult>
		<bndbox>
			<xmin>164</xmin>
			<ymin>88</ymin>
			<xmax>214</xmax>
			<ymax>135</ymax>
		</bndbox>
	</object>
	<object>
		<name>Atopic dermatitis</name>
		<pose>Unspecified</pose>
		<truncated>0</truncated>
		<difficult>0</difficult>
		<bndbox>
			<xmin>213</xmin>
			<ymin>110</ymin>
			<xmax>262</xmax>
			<ymax>138</ymax>
		</bndbox>
	</object>
</annotation>
