<annotation>
	<folder>Atopic_dermatitis</folder>
	<filename>Atopic_dermatitis_72.jpg</filename>
	<path>C:\Users\ASUS\Desktop\model\images(2022.05.08)\Atopic_dermatitis\Atopic_dermatitis_72.jpg</path>
	<source>
		<database>Unknown</database>
	</source>
	<size>
		<width>360</width>
		<height>240</height>
		<depth>3</depth>
	</size>
	<segmented>0</segmented>
	<object>
		<name>Atopic dermatitis</name>
		<pose>Unspecified</pose>
		<truncated>0</truncated>
		<difficult>0</difficult>
		<bndbox>
			<xmin>214</xmin>
			<ymin>111</ymin>
			<xmax>253</xmax>
			<ymax>162</ymax>
		</bndbox>
	</object>
	<object>
		<name>Atopic dermatitis</name>
		<pose>Unspecified</pose>
		<truncated>0</truncated>
		<difficult>0</difficult>
		<bndbox>
			<xmin>164</xmin>
			<ymin>109</ymin>
			<xmax>210</xmax>
			<ymax>164</ymax>
		</bndbox>
	</object>
	<object>
		<name>Atopic dermatitis</name>
		<pose>Unspecified</pose>
		<truncated>0</truncated>
		<difficult>0</difficult>
		<bndbox>
			<xmin>31</xmin>
			<ymin>126</ymin>
			<xmax>72</xmax>
			<ymax>168</ymax>
		</bndbox>
	</object>
	<object>
		<name>Atopic dermatitis</name>
		<pose>Unspecified</pose>
		<truncated>0</truncated>
		<difficult>0</difficult>
		<bndbox>
			<xmin>63</xmin>
			<ymin>96</ymin>
			<xmax>95</xmax>
			<ymax>135</ymax>
		</bndbox>
	</object>
</annotation>
