<annotation>
	<folder>JPEGImages_SR</folder>
	<filename>Atopic_dermatitis_1_127.jpg</filename>
	<path>C:\Users\ASUS\Desktop\data\VOCdevkit\VOC2007\JPEGImages_SR\Atopic_dermatitis_1_127.jpg</path>
	<source>
		<database>Unknown</database>
	</source>
	<size>
		<width>625</width>
		<height>400</height>
		<depth>3</depth>
	</size>
	<segmented>0</segmented>
	<object>
		<name>Atopic dermatitis</name>
		<pose>Unspecified</pose>
		<truncated>0</truncated>
		<difficult>0</difficult>
		<bndbox>
			<xmin>106</xmin>
			<ymin>9</ymin>
			<xmax>179</xmax>
			<ymax>88</ymax>
		</bndbox>
	</object>
	<object>
		<name>Atopic dermatitis</name>
		<pose>Unspecified</pose>
		<truncated>0</truncated>
		<difficult>0</difficult>
		<bndbox>
			<xmin>173</xmin>
			<ymin>27</ymin>
			<xmax>407</xmax>
			<ymax>176</ymax>
		</bndbox>
	</object>
	<object>
		<name>Atopic dermatitis</name>
		<pose>Unspecified</pose>
		<truncated>0</truncated>
		<difficult>0</difficult>
		<bndbox>
			<xmin>210</xmin>
			<ymin>376</ymin>
			<xmax>245</xmax>
			<ymax>395</ymax>
		</bndbox>
	</object>
	<object>
		<name>Atopic dermatitis</name>
		<pose>Unspecified</pose>
		<truncated>0</truncated>
		<difficult>0</difficult>
		<bndbox>
			<xmin>300</xmin>
			<ymin>367</ymin>
			<xmax>354</xmax>
			<ymax>396</ymax>
		</bndbox>
	</object>
	<object>
		<name>Atopic dermatitis</name>
		<pose>Unspecified</pose>
		<truncated>0</truncated>
		<difficult>0</difficult>
		<bndbox>
			<xmin>4</xmin>
			<ymin>166</ymin>
			<xmax>84</xmax>
			<ymax>250</ymax>
		</bndbox>
	</object>
	<object>
		<name>Atopic dermatitis</name>
		<pose>Unspecified</pose>
		<truncated>0</truncated>
		<difficult>0</difficult>
		<bndbox>
			<xmin>89</xmin>
			<ymin>224</ymin>
			<xmax>145</xmax>
			<ymax>278</ymax>
		</bndbox>
	</object>
	<object>
		<name>Atopic dermatitis</name>
		<pose>Unspecified</pose>
		<truncated>0</truncated>
		<difficult>0</difficult>
		<bndbox>
			<xmin>162</xmin>
			<ymin>128</ymin>
			<xmax>613</xmax>
			<ymax>363</ymax>
		</bndbox>
	</object>
</annotation>
