<annotation>
	<folder>JPEGImages_SR</folder>
	<filename>Atopic_dermatitis_94.jpg</filename>
	<path>C:\Users\ASUS\Desktop\data\VOCdevkit\VOC2007\JPEGImages_SR\Atopic_dermatitis_94.jpg</path>
	<source>
		<database>Unknown</database>
	</source>
	<size>
		<width>852</width>
		<height>716</height>
		<depth>3</depth>
	</size>
	<segmented>0</segmented>
	<object>
		<name>Atopic dermatitis</name>
		<pose>Unspecified</pose>
		<truncated>0</truncated>
		<difficult>0</difficult>
		<bndbox>
			<xmin>650</xmin>
			<ymin>253</ymin>
			<xmax>775</xmax>
			<ymax>369</ymax>
		</bndbox>
	</object>
	<object>
		<name>Atopic dermatitis</name>
		<pose>Unspecified</pose>
		<truncated>0</truncated>
		<difficult>0</difficult>
		<bndbox>
			<xmin>373</xmin>
			<ymin>480</ymin>
			<xmax>629</xmax>
			<ymax>690</ymax>
		</bndbox>
	</object>
	<object>
		<name>Atopic dermatitis</name>
		<pose>Unspecified</pose>
		<truncated>0</truncated>
		<difficult>0</difficult>
		<bndbox>
			<xmin>302</xmin>
			<ymin>255</ymin>
			<xmax>335</xmax>
			<ymax>299</ymax>
		</bndbox>
	</object>
	<object>
		<name>Atopic dermatitis</name>
		<pose>Unspecified</pose>
		<truncated>0</truncated>
		<difficult>0</difficult>
		<bndbox>
			<xmin>349</xmin>
			<ymin>256</ymin>
			<xmax>589</xmax>
			<ymax>473</ymax>
		</bndbox>
	</object>
	<object>
		<name>Atopic dermatitis</name>
		<pose>Unspecified</pose>
		<truncated>0</truncated>
		<difficult>0</difficult>
		<bndbox>
			<xmin>319</xmin>
			<ymin>25</ymin>
			<xmax>565</xmax>
			<ymax>179</ymax>
		</bndbox>
	</object>
	<object>
		<name>Atopic dermatitis</name>
		<pose>Unspecified</pose>
		<truncated>0</truncated>
		<difficult>0</difficult>
		<bndbox>
			<xmin>591</xmin>
			<ymin>39</ymin>
			<xmax>812</xmax>
			<ymax>253</ymax>
		</bndbox>
	</object>
	<object>
		<name>Atopic dermatitis</name>
		<pose>Unspecified</pose>
		<truncated>0</truncated>
		<difficult>0</difficult>
		<bndbox>
			<xmin>307</xmin>
			<ymin>556</ymin>
			<xmax>361</xmax>
			<ymax>592</ymax>
		</bndbox>
	</object>
	<object>
		<name>Atopic dermatitis</name>
		<pose>Unspecified</pose>
		<truncated>0</truncated>
		<difficult>0</difficult>
		<bndbox>
			<xmin>631</xmin>
			<ymin>442</ymin>
			<xmax>808</xmax>
			<ymax>522</ymax>
		</bndbox>
	</object>
	<object>
		<name>Atopic dermatitis</name>
		<pose>Unspecified</pose>
		<truncated>0</truncated>
		<difficult>0</difficult>
		<bndbox>
			<xmin>629</xmin>
			<ymin>549</ymin>
			<xmax>747</xmax>
			<ymax>664</ymax>
		</bndbox>
	</object>
	<object>
		<name>Atopic dermatitis</name>
		<pose>Unspecified</pose>
		<truncated>0</truncated>
		<difficult>0</difficult>
		<bndbox>
			<xmin>256</xmin>
			<ymin>310</ymin>
			<xmax>291</xmax>
			<ymax>475</ymax>
		</bndbox>
	</object>
</annotation>
