<annotation>
	<folder>JPEGImages</folder>
	<filename>Atopic_dermatitis_46.jpg</filename>
	<path>C:\Users\fdd2013326601001\Desktop\SR\mmdetection-add-BESRGAN\data\VOCdevkit\VOC2007\JPEGImages\Atopic_dermatitis_46.jpg</path>
	<source>
		<database>Unknown</database>
	</source>
	<size>
		<width>294</width>
		<height>222</height>
		<depth>3</depth>
	</size>
	<segmented>0</segmented>
	<object>
		<name>Atopic dermatitis</name>
		<pose>Unspecified</pose>
		<truncated>0</truncated>
		<difficult>0</difficult>
		<bndbox>
			<xmin>29</xmin>
			<ymin>14</ymin>
			<xmax>133</xmax>
			<ymax>150</ymax>
		</bndbox>
	</object>
	<object>
		<name>Atopic dermatitis</name>
		<pose>Unspecified</pose>
		<truncated>0</truncated>
		<difficult>0</difficult>
		<bndbox>
			<xmin>250</xmin>
			<ymin>75</ymin>
			<xmax>284</xmax>
			<ymax>146</ymax>
		</bndbox>
	</object>
	<object>
		<name>Atopic dermatitis</name>
		<pose>Unspecified</pose>
		<truncated>0</truncated>
		<difficult>0</difficult>
		<bndbox>
			<xmin>91</xmin>
			<ymin>155</ymin>
			<xmax>124</xmax>
			<ymax>180</ymax>
		</bndbox>
	</object>
</annotation>
