<annotation>
	<folder>JPEGImages_SR</folder>
	<filename>Atopic_dermatitis_1_39.jpg</filename>
	<path>C:\Users\ASUS\Desktop\data\VOCdevkit\VOC2007\JPEGImages_SR\Atopic_dermatitis_1_39.jpg</path>
	<source>
		<database>Unknown</database>
	</source>
	<size>
		<width>4048</width>
		<height>3040</height>
		<depth>3</depth>
	</size>
	<segmented>0</segmented>
	<object>
		<name>Atopic dermatitis</name>
		<pose>Unspecified</pose>
		<truncated>1</truncated>
		<difficult>0</difficult>
		<bndbox>
			<xmin>710</xmin>
			<ymin>1</ymin>
			<xmax>3056</xmax>
			<ymax>2468</ymax>
		</bndbox>
	</object>
	<object>
		<name>Atopic dermatitis</name>
		<pose>Unspecified</pose>
		<truncated>0</truncated>
		<difficult>0</difficult>
		<bndbox>
			<xmin>3059</xmin>
			<ymin>916</ymin>
			<xmax>3424</xmax>
			<ymax>1965</ymax>
		</bndbox>
	</object>
</annotation>
