<annotation>
	<folder>Atopic_dermatitis</folder>
	<filename>Atopic_dermatitis_173.jpg</filename>
	<path>C:\Users\ASUS\Desktop\images\Atopic_dermatitis\Atopic_dermatitis_173.jpg</path>
	<source>
		<database>Unknown</database>
	</source>
	<size>
		<width>143</width>
		<height>120</height>
		<depth>3</depth>
	</size>
	<segmented>0</segmented>
	<object>
		<name>Atopic dermatitis</name>
		<pose>Unspecified</pose>
		<truncated>0</truncated>
		<difficult>0</difficult>
		<bndbox>
			<xmin>39</xmin>
			<ymin>30</ymin>
			<xmax>68</xmax>
			<ymax>59</ymax>
		</bndbox>
	</object>
	<object>
		<name>Atopic dermatitis</name>
		<pose>Unspecified</pose>
		<truncated>0</truncated>
		<difficult>0</difficult>
		<bndbox>
			<xmin>30</xmin>
			<ymin>62</ymin>
			<xmax>44</xmax>
			<ymax>83</ymax>
		</bndbox>
	</object>
	<object>
		<name>Atopic dermatitis</name>
		<pose>Unspecified</pose>
		<truncated>0</truncated>
		<difficult>0</difficult>
		<bndbox>
			<xmin>88</xmin>
			<ymin>30</ymin>
			<xmax>97</xmax>
			<ymax>44</ymax>
		</bndbox>
	</object>
	<object>
		<name>Atopic dermatitis</name>
		<pose>Unspecified</pose>
		<truncated>0</truncated>
		<difficult>0</difficult>
		<bndbox>
			<xmin>102</xmin>
			<ymin>48</ymin>
			<xmax>111</xmax>
			<ymax>77</ymax>
		</bndbox>
	</object>
	<object>
		<name>Atopic dermatitis</name>
		<pose>Unspecified</pose>
		<truncated>0</truncated>
		<difficult>0</difficult>
		<bndbox>
			<xmin>52</xmin>
			<ymin>82</ymin>
			<xmax>63</xmax>
			<ymax>95</ymax>
		</bndbox>
	</object>
	<object>
		<name>Atopic dermatitis</name>
		<pose>Unspecified</pose>
		<truncated>0</truncated>
		<difficult>0</difficult>
		<bndbox>
			<xmin>68</xmin>
			<ymin>78</ymin>
			<xmax>84</xmax>
			<ymax>95</ymax>
		</bndbox>
	</object>
	<object>
		<name>Atopic dermatitis</name>
		<pose>Unspecified</pose>
		<truncated>0</truncated>
		<difficult>0</difficult>
		<bndbox>
			<xmin>89</xmin>
			<ymin>79</ymin>
			<xmax>108</xmax>
			<ymax>101</ymax>
		</bndbox>
	</object>
</annotation>
