<annotation>
	<folder>atopic_dermatitis</folder>
	<filename>Atopic_dermatitis_119.jpg</filename>
	<path>C:\Users\fdd2013326601001\Desktop\Images\atopic_dermatitis\Atopic_dermatitis_119.jpg</path>
	<source>
		<database>Unknown</database>
	</source>
	<size>
		<width>473</width>
		<height>286</height>
		<depth>3</depth>
	</size>
	<segmented>0</segmented>
	<object>
		<name>Atopic dermatitis</name>
		<pose>Unspecified</pose>
		<truncated>0</truncated>
		<difficult>0</difficult>
		<bndbox>
			<xmin>86</xmin>
			<ymin>114</ymin>
			<xmax>131</xmax>
			<ymax>195</ymax>
		</bndbox>
	</object>
	<object>
		<name>Atopic dermatitis</name>
		<pose>Unspecified</pose>
		<truncated>0</truncated>
		<difficult>0</difficult>
		<bndbox>
			<xmin>294</xmin>
			<ymin>127</ymin>
			<xmax>360</xmax>
			<ymax>209</ymax>
		</bndbox>
	</object>
	<object>
		<name>Atopic dermatitis</name>
		<pose>Unspecified</pose>
		<truncated>0</truncated>
		<difficult>0</difficult>
		<bndbox>
			<xmin>104</xmin>
			<ymin>88</ymin>
			<xmax>332</xmax>
			<ymax>134</ymax>
		</bndbox>
	</object>
</annotation>
