<annotation>
	<folder>JPEGImages_SR</folder>
	<filename>Atopic_dermatitis_149.jpg</filename>
	<path>C:\Users\ASUS\Desktop\data\VOCdevkit\VOC2007\JPEGImages_SR\Atopic_dermatitis_149.jpg</path>
	<source>
		<database>Unknown</database>
	</source>
	<size>
		<width>1147</width>
		<height>799</height>
		<depth>3</depth>
	</size>
	<segmented>0</segmented>
	<object>
		<name>Atopic dermatitis</name>
		<pose>Unspecified</pose>
		<truncated>0</truncated>
		<difficult>0</difficult>
		<bndbox>
			<xmin>768</xmin>
			<ymin>189</ymin>
			<xmax>922</xmax>
			<ymax>518</ymax>
		</bndbox>
	</object>
	<object>
		<name>Atopic dermatitis</name>
		<pose>Unspecified</pose>
		<truncated>0</truncated>
		<difficult>0</difficult>
		<bndbox>
			<xmin>498</xmin>
			<ymin>427</ymin>
			<xmax>831</xmax>
			<ymax>780</ymax>
		</bndbox>
	</object>
	<object>
		<name>Atopic dermatitis</name>
		<pose>Unspecified</pose>
		<truncated>0</truncated>
		<difficult>0</difficult>
		<bndbox>
			<xmin>45</xmin>
			<ymin>412</ymin>
			<xmax>144</xmax>
			<ymax>740</ymax>
		</bndbox>
	</object>
</annotation>
