<annotation>
	<folder>atopic_dermatitis</folder>
	<filename>Atopic_dermatitis_163.jpg</filename>
	<path>C:\Users\fdd2013326601001\Desktop\Images\atopic_dermatitis\Atopic_dermatitis_163.jpg</path>
	<source>
		<database>Unknown</database>
	</source>
	<size>
		<width>360</width>
		<height>240</height>
		<depth>3</depth>
	</size>
	<segmented>0</segmented>
	<object>
		<name>Atopic dermatitis</name>
		<pose>Unspecified</pose>
		<truncated>0</truncated>
		<difficult>0</difficult>
		<bndbox>
			<xmin>150</xmin>
			<ymin>70</ymin>
			<xmax>202</xmax>
			<ymax>118</ymax>
		</bndbox>
	</object>
	<object>
		<name>Atopic dermatitis</name>
		<pose>Unspecified</pose>
		<truncated>0</truncated>
		<difficult>0</difficult>
		<bndbox>
			<xmin>249</xmin>
			<ymin>113</ymin>
			<xmax>289</xmax>
			<ymax>147</ymax>
		</bndbox>
	</object>
</annotation>
