<annotation>
	<folder>JPEGImages_SR</folder>
	<filename>Atopic_dermatitis_41.jpg</filename>
	<path>C:\Users\ASUS\Desktop\data\VOCdevkit\VOC2007\JPEGImages_SR\Atopic_dermatitis_41.jpg</path>
	<source>
		<database>Unknown</database>
	</source>
	<size>
		<width>563</width>
		<height>750</height>
		<depth>3</depth>
	</size>
	<segmented>0</segmented>
	<object>
		<name>Atopic dermatitis</name>
		<pose>Unspecified</pose>
		<truncated>0</truncated>
		<difficult>0</difficult>
		<bndbox>
			<xmin>16</xmin>
			<ymin>202</ymin>
			<xmax>401</xmax>
			<ymax>544</ymax>
		</bndbox>
	</object>
	<object>
		<name>Atopic dermatitis</name>
		<pose>Unspecified</pose>
		<truncated>0</truncated>
		<difficult>0</difficult>
		<bndbox>
			<xmin>239</xmin>
			<ymin>42</ymin>
			<xmax>552</xmax>
			<ymax>441</ymax>
		</bndbox>
	</object>
</annotation>
