<annotation>
	<folder>JPEGImages</folder>
	<filename>Atopic_dermatitis_1_29.jpg</filename>
	<path>C:\Users\fdd2013326601001\Desktop\SR\mmdetection-add-BESRGAN\data\VOCdevkit\VOC2007\JPEGImages\Atopic_dermatitis_1_29.jpg</path>
	<source>
		<database>Unknown</database>
	</source>
	<size>
		<width>120</width>
		<height>127</height>
		<depth>3</depth>
	</size>
	<segmented>0</segmented>
	<object>
		<name>Atopic dermatitis</name>
		<pose>Unspecified</pose>
		<truncated>1</truncated>
		<difficult>0</difficult>
		<bndbox>
			<xmin>24</xmin>
			<ymin>1</ymin>
			<xmax>92</xmax>
			<ymax>82</ymax>
		</bndbox>
	</object>
</annotation>
