<annotation>
	<folder>Atopic_dermatitis</folder>
	<filename>Atopic_dermatitis_168.jpg</filename>
	<path>C:\Users\ASUS\Desktop\images\Atopic_dermatitis\Atopic_dermatitis_168.jpg</path>
	<source>
		<database>Unknown</database>
	</source>
	<size>
		<width>359</width>
		<height>240</height>
		<depth>3</depth>
	</size>
	<segmented>0</segmented>
	<object>
		<name>Atopic dermatitis</name>
		<pose>Unspecified</pose>
		<truncated>0</truncated>
		<difficult>0</difficult>
		<bndbox>
			<xmin>257</xmin>
			<ymin>66</ymin>
			<xmax>277</xmax>
			<ymax>85</ymax>
		</bndbox>
	</object>
	<object>
		<name>Atopic dermatitis</name>
		<pose>Unspecified</pose>
		<truncated>0</truncated>
		<difficult>0</difficult>
		<bndbox>
			<xmin>122</xmin>
			<ymin>91</ymin>
			<xmax>191</xmax>
			<ymax>160</ymax>
		</bndbox>
	</object>
	<object>
		<name>Atopic dermatitis</name>
		<pose>Unspecified</pose>
		<truncated>0</truncated>
		<difficult>0</difficult>
		<bndbox>
			<xmin>35</xmin>
			<ymin>106</ymin>
			<xmax>56</xmax>
			<ymax>127</ymax>
		</bndbox>
	</object>
	<object>
		<name>Atopic dermatitis</name>
		<pose>Unspecified</pose>
		<truncated>0</truncated>
		<difficult>0</difficult>
		<bndbox>
			<xmin>308</xmin>
			<ymin>173</ymin>
			<xmax>324</xmax>
			<ymax>193</ymax>
		</bndbox>
	</object>
</annotation>
