<annotation>
	<folder>JPEGImages_SR</folder>
	<filename>Atopic_dermatitis_1_113.jpg</filename>
	<path>C:\Users\ASUS\Desktop\data\VOCdevkit\VOC2007\JPEGImages_SR\Atopic_dermatitis_1_113.jpg</path>
	<source>
		<database>Unknown</database>
	</source>
	<size>
		<width>1818</width>
		<height>1228</height>
		<depth>3</depth>
	</size>
	<segmented>0</segmented>
	<object>
		<name>Atopic dermatitis</name>
		<pose>Unspecified</pose>
		<truncated>0</truncated>
		<difficult>0</difficult>
		<bndbox>
			<xmin>28</xmin>
			<ymin>345</ymin>
			<xmax>1367</xmax>
			<ymax>1204</ymax>
		</bndbox>
	</object>
	<object>
		<name>Atopic dermatitis</name>
		<pose>Unspecified</pose>
		<truncated>0</truncated>
		<difficult>0</difficult>
		<bndbox>
			<xmin>1382</xmin>
			<ymin>184</ymin>
			<xmax>1807</xmax>
			<ymax>1192</ymax>
		</bndbox>
	</object>
</annotation>
