<annotation>
	<folder>JPEGImages_SR</folder>
	<filename>Atopic_dermatitis_26.jpg</filename>
	<path>C:\Users\ASUS\Desktop\data\VOCdevkit\VOC2007\JPEGImages_SR\Atopic_dermatitis_26.jpg</path>
	<source>
		<database>Unknown</database>
	</source>
	<size>
		<width>646</width>
		<height>438</height>
		<depth>3</depth>
	</size>
	<segmented>0</segmented>
	<object>
		<name>Atopic dermatitis</name>
		<pose>Unspecified</pose>
		<truncated>0</truncated>
		<difficult>0</difficult>
		<bndbox>
			<xmin>5</xmin>
			<ymin>113</ymin>
			<xmax>577</xmax>
			<ymax>431</ymax>
		</bndbox>
	</object>
	<object>
		<name>Atopic dermatitis</name>
		<pose>Unspecified</pose>
		<truncated>0</truncated>
		<difficult>0</difficult>
		<bndbox>
			<xmin>539</xmin>
			<ymin>138</ymin>
			<xmax>605</xmax>
			<ymax>222</ymax>
		</bndbox>
	</object>
</annotation>
