<annotation>
	<folder>JPEGImages</folder>
	<filename>Atopic_dermatitis_1_28.jpg</filename>
	<path>C:\Users\fdd2013326601001\Desktop\SR\mmdetection-add-BESRGAN\data\VOCdevkit\VOC2007\JPEGImages\Atopic_dermatitis_1_28.jpg</path>
	<source>
		<database>Unknown</database>
	</source>
	<size>
		<width>168</width>
		<height>120</height>
		<depth>3</depth>
	</size>
	<segmented>0</segmented>
	<object>
		<name>Atopic dermatitis</name>
		<pose>Unspecified</pose>
		<truncated>0</truncated>
		<difficult>0</difficult>
		<bndbox>
			<xmin>24</xmin>
			<ymin>38</ymin>
			<xmax>65</xmax>
			<ymax>80</ymax>
		</bndbox>
	</object>
	<object>
		<name>Atopic dermatitis</name>
		<pose>Unspecified</pose>
		<truncated>0</truncated>
		<difficult>0</difficult>
		<bndbox>
			<xmin>108</xmin>
			<ymin>35</ymin>
			<xmax>150</xmax>
			<ymax>74</ymax>
		</bndbox>
	</object>
</annotation>
