<annotation>
	<folder>JPEGImages_SR</folder>
	<filename>Atopic_dermatitis_1_31.jpg</filename>
	<path>C:\Users\ASUS\Desktop\data\VOCdevkit\VOC2007\JPEGImages_SR\Atopic_dermatitis_1_31.jpg</path>
	<source>
		<database>Unknown</database>
	</source>
	<size>
		<width>490</width>
		<height>385</height>
		<depth>3</depth>
	</size>
	<segmented>0</segmented>
	<object>
		<name>Atopic dermatitis</name>
		<pose>Unspecified</pose>
		<truncated>0</truncated>
		<difficult>0</difficult>
		<bndbox>
			<xmin>101</xmin>
			<ymin>84</ymin>
			<xmax>173</xmax>
			<ymax>156</ymax>
		</bndbox>
	</object>
	<object>
		<name>Atopic dermatitis</name>
		<pose>Unspecified</pose>
		<truncated>0</truncated>
		<difficult>0</difficult>
		<bndbox>
			<xmin>296</xmin>
			<ymin>76</ymin>
			<xmax>381</xmax>
			<ymax>160</ymax>
		</bndbox>
	</object>
	<object>
		<name>Atopic dermatitis</name>
		<pose>Unspecified</pose>
		<truncated>0</truncated>
		<difficult>0</difficult>
		<bndbox>
			<xmin>106</xmin>
			<ymin>237</ymin>
			<xmax>178</xmax>
			<ymax>294</ymax>
		</bndbox>
	</object>
	<object>
		<name>Atopic dermatitis</name>
		<pose>Unspecified</pose>
		<truncated>0</truncated>
		<difficult>0</difficult>
		<bndbox>
			<xmin>295</xmin>
			<ymin>229</ymin>
			<xmax>370</xmax>
			<ymax>306</ymax>
		</bndbox>
	</object>
</annotation>
