<annotation>
	<folder>atopic_dermatitis</folder>
	<filename>Atopic_dermatitis_124.jpg</filename>
	<path>C:\Users\fdd2013326601001\Desktop\Images\atopic_dermatitis\Atopic_dermatitis_124.jpg</path>
	<source>
		<database>Unknown</database>
	</source>
	<size>
		<width>1390</width>
		<height>782</height>
		<depth>3</depth>
	</size>
	<segmented>0</segmented>
	<object>
		<name>Atopic dermatitis</name>
		<pose>Unspecified</pose>
		<truncated>0</truncated>
		<difficult>0</difficult>
		<bndbox>
			<xmin>579</xmin>
			<ymin>234</ymin>
			<xmax>846</xmax>
			<ymax>423</ymax>
		</bndbox>
	</object>
	<object>
		<name>Atopic dermatitis</name>
		<pose>Unspecified</pose>
		<truncated>0</truncated>
		<difficult>0</difficult>
		<bndbox>
			<xmin>681</xmin>
			<ymin>553</ymin>
			<xmax>765</xmax>
			<ymax>754</ymax>
		</bndbox>
	</object>
</annotation>
