<annotation>
	<folder>JPEGImages_SR</folder>
	<filename>Atopic_dermatitis_27.jpg</filename>
	<path>C:\Users\ASUS\Desktop\data\VOCdevkit\VOC2007\JPEGImages_SR\Atopic_dermatitis_27.jpg</path>
	<source>
		<database>Unknown</database>
	</source>
	<size>
		<width>130</width>
		<height>120</height>
		<depth>3</depth>
	</size>
	<segmented>0</segmented>
	<object>
		<name>Atopic dermatitis</name>
		<pose>Unspecified</pose>
		<truncated>0</truncated>
		<difficult>0</difficult>
		<bndbox>
			<xmin>2</xmin>
			<ymin>32</ymin>
			<xmax>36</xmax>
			<ymax>96</ymax>
		</bndbox>
	</object>
	<object>
		<name>Atopic dermatitis</name>
		<pose>Unspecified</pose>
		<truncated>0</truncated>
		<difficult>0</difficult>
		<bndbox>
			<xmin>86</xmin>
			<ymin>34</ymin>
			<xmax>126</xmax>
			<ymax>102</ymax>
		</bndbox>
	</object>
	<object>
		<name>Atopic dermatitis</name>
		<pose>Unspecified</pose>
		<truncated>0</truncated>
		<difficult>0</difficult>
		<bndbox>
			<xmin>11</xmin>
			<ymin>75</ymin>
			<xmax>120</xmax>
			<ymax>108</ymax>
		</bndbox>
	</object>
</annotation>
