<annotation>
	<folder>atopic_dermatitis</folder>
	<filename>Atopic_dermatitis_127.jpg</filename>
	<path>C:\Users\fdd2013326601001\Desktop\Images\atopic_dermatitis\Atopic_dermatitis_127.jpg</path>
	<source>
		<database>Unknown</database>
	</source>
	<size>
		<width>360</width>
		<height>240</height>
		<depth>3</depth>
	</size>
	<segmented>0</segmented>
	<object>
		<name>Atopic dermatitis</name>
		<pose>Unspecified</pose>
		<truncated>0</truncated>
		<difficult>0</difficult>
		<bndbox>
			<xmin>130</xmin>
			<ymin>129</ymin>
			<xmax>173</xmax>
			<ymax>166</ymax>
		</bndbox>
	</object>
	<object>
		<name>Atopic dermatitis</name>
		<pose>Unspecified</pose>
		<truncated>0</truncated>
		<difficult>0</difficult>
		<bndbox>
			<xmin>223</xmin>
			<ymin>118</ymin>
			<xmax>250</xmax>
			<ymax>150</ymax>
		</bndbox>
	</object>
</annotation>
