<annotation>
	<folder>JPEGImages_SR</folder>
	<filename>Atopic_dermatitis_103.jpg</filename>
	<path>C:\Users\ASUS\Desktop\data\VOCdevkit\VOC2007\JPEGImages_SR\Atopic_dermatitis_103.jpg</path>
	<source>
		<database>Unknown</database>
	</source>
	<size>
		<width>404</width>
		<height>269</height>
		<depth>3</depth>
	</size>
	<segmented>0</segmented>
	<object>
		<name>Atopic dermatitis</name>
		<pose>Unspecified</pose>
		<truncated>0</truncated>
		<difficult>0</difficult>
		<bndbox>
			<xmin>52</xmin>
			<ymin>114</ymin>
			<xmax>108</xmax>
			<ymax>199</ymax>
		</bndbox>
	</object>
	<object>
		<name>Atopic dermatitis</name>
		<pose>Unspecified</pose>
		<truncated>0</truncated>
		<difficult>0</difficult>
		<bndbox>
			<xmin>188</xmin>
			<ymin>150</ymin>
			<xmax>259</xmax>
			<ymax>230</ymax>
		</bndbox>
	</object>
	<object>
		<name>Atopic dermatitis</name>
		<pose>Unspecified</pose>
		<truncated>0</truncated>
		<difficult>0</difficult>
		<bndbox>
			<xmin>133</xmin>
			<ymin>32</ymin>
			<xmax>210</xmax>
			<ymax>91</ymax>
		</bndbox>
	</object>
</annotation>
