<annotation>
	<folder>atopic_dermatitis</folder>
	<filename>Atopic_dermatitis_76.jpg</filename>
	<path>C:\Users\fdd2013326601001\Desktop\Images\atopic_dermatitis\Atopic_dermatitis_76.jpg</path>
	<source>
		<database>Unknown</database>
	</source>
	<size>
		<width>320</width>
		<height>240</height>
		<depth>3</depth>
	</size>
	<segmented>0</segmented>
	<object>
		<name>Atopic dermatitis</name>
		<pose>Unspecified</pose>
		<truncated>0</truncated>
		<difficult>0</difficult>
		<bndbox>
			<xmin>173</xmin>
			<ymin>44</ymin>
			<xmax>208</xmax>
			<ymax>86</ymax>
		</bndbox>
	</object>
	<object>
		<name>Atopic dermatitis</name>
		<pose>Unspecified</pose>
		<truncated>0</truncated>
		<difficult>0</difficult>
		<bndbox>
			<xmin>211</xmin>
			<ymin>46</ymin>
			<xmax>257</xmax>
			<ymax>75</ymax>
		</bndbox>
	</object>
	<object>
		<name>Atopic dermatitis</name>
		<pose>Unspecified</pose>
		<truncated>0</truncated>
		<difficult>0</difficult>
		<bndbox>
			<xmin>178</xmin>
			<ymin>210</ymin>
			<xmax>189</xmax>
			<ymax>225</ymax>
		</bndbox>
	</object>
</annotation>
