<annotation>
	<folder>JPEGImages_SR</folder>
	<filename>Atopic_dermatitis_1_156.jpg</filename>
	<path>C:\Users\ASUS\Desktop\data\VOCdevkit\VOC2007\JPEGImages_SR\Atopic_dermatitis_1_156.jpg</path>
	<source>
		<database>Unknown</database>
	</source>
	<size>
		<width>629</width>
		<height>600</height>
		<depth>3</depth>
	</size>
	<segmented>0</segmented>
	<object>
		<name>Atopic dermatitis</name>
		<pose>Unspecified</pose>
		<truncated>0</truncated>
		<difficult>0</difficult>
		<bndbox>
			<xmin>88</xmin>
			<ymin>156</ymin>
			<xmax>321</xmax>
			<ymax>371</ymax>
		</bndbox>
	</object>
	<object>
		<name>Atopic dermatitis</name>
		<pose>Unspecified</pose>
		<truncated>0</truncated>
		<difficult>0</difficult>
		<bndbox>
			<xmin>251</xmin>
			<ymin>110</ymin>
			<xmax>311</xmax>
			<ymax>159</ymax>
		</bndbox>
	</object>
</annotation>
