<annotation>
	<folder>atopic_dermatitis</folder>
	<filename>Atopic_dermatitis_22.jpg</filename>
	<path>C:\Users\ASUS\Desktop\Images\Images\atopic_dermatitis\Atopic_dermatitis_22.jpg</path>
	<source>
		<database>Unknown</database>
	</source>
	<size>
		<width>120</width>
		<height>123</height>
		<depth>3</depth>
	</size>
	<segmented>0</segmented>
	<object>
		<name>Atopic dermatitis</name>
		<pose>Unspecified</pose>
		<truncated>0</truncated>
		<difficult>0</difficult>
		<bndbox>
			<xmin>20</xmin>
			<ymin>37</ymin>
			<xmax>91</xmax>
			<ymax>98</ymax>
		</bndbox>
	</object>
</annotation>
