<annotation>
	<folder>Atopic_dermatitis</folder>
	<filename>Atopic_dermatitis_1_7.jpg</filename>
	<path>C:\Users\ASUS\Desktop\model\images(2022.05.08)\Atopic_dermatitis\Atopic_dermatitis_1_7.jpg</path>
	<source>
		<database>Unknown</database>
	</source>
	<size>
		<width>361</width>
		<height>240</height>
		<depth>3</depth>
	</size>
	<segmented>0</segmented>
	<object>
		<name>Atopic dermatitis</name>
		<pose>Unspecified</pose>
		<truncated>0</truncated>
		<difficult>0</difficult>
		<bndbox>
			<xmin>186</xmin>
			<ymin>48</ymin>
			<xmax>326</xmax>
			<ymax>218</ymax>
		</bndbox>
	</object>
	<object>
		<name>Atopic dermatitis</name>
		<pose>Unspecified</pose>
		<truncated>0</truncated>
		<difficult>0</difficult>
		<bndbox>
			<xmin>24</xmin>
			<ymin>72</ymin>
			<xmax>185</xmax>
			<ymax>208</ymax>
		</bndbox>
	</object>
</annotation>
