<annotation>
	<folder>Atopic_dermatitis</folder>
	<filename>Atopic_dermatitis_1_66.jpg</filename>
	<path>C:\Users\ASUS\Desktop\images\Atopic_dermatitis\Atopic_dermatitis_1_66.jpg</path>
	<source>
		<database>Unknown</database>
	</source>
	<size>
		<width>123</width>
		<height>120</height>
		<depth>3</depth>
	</size>
	<segmented>0</segmented>
	<object>
		<name>Atopic dermatitis</name>
		<pose>Unspecified</pose>
		<truncated>0</truncated>
		<difficult>0</difficult>
		<bndbox>
			<xmin>31</xmin>
			<ymin>28</ymin>
			<xmax>98</xmax>
			<ymax>75</ymax>
		</bndbox>
	</object>
</annotation>
