<annotation>
	<folder>JPEGImages_SR</folder>
	<filename>Atopic_dermatitis_87.jpg</filename>
	<path>C:\Users\ASUS\Desktop\data\VOCdevkit\VOC2007\JPEGImages_SR\Atopic_dermatitis_87.jpg</path>
	<source>
		<database>Unknown</database>
	</source>
	<size>
		<width>455</width>
		<height>308</height>
		<depth>3</depth>
	</size>
	<segmented>0</segmented>
	<object>
		<name>Atopic dermatitis</name>
		<pose>Unspecified</pose>
		<truncated>0</truncated>
		<difficult>0</difficult>
		<bndbox>
			<xmin>9</xmin>
			<ymin>3</ymin>
			<xmax>80</xmax>
			<ymax>54</ymax>
		</bndbox>
	</object>
	<object>
		<name>Atopic dermatitis</name>
		<pose>Unspecified</pose>
		<truncated>0</truncated>
		<difficult>0</difficult>
		<bndbox>
			<xmin>17</xmin>
			<ymin>99</ymin>
			<xmax>278</xmax>
			<ymax>301</ymax>
		</bndbox>
	</object>
	<object>
		<name>Atopic dermatitis</name>
		<pose>Unspecified</pose>
		<truncated>0</truncated>
		<difficult>0</difficult>
		<bndbox>
			<xmin>205</xmin>
			<ymin>5</ymin>
			<xmax>360</xmax>
			<ymax>122</ymax>
		</bndbox>
	</object>
</annotation>
