<annotation>
	<folder>Chickenpox</folder>
	<filename>Chickenpox_81.jpg</filename>
	<path>C:\Users\fdd2013326601001\Desktop\Images\Chickenpox\Chickenpox_81.jpg</path>
	<source>
		<database>Unknown</database>
	</source>
	<size>
		<width>600</width>
		<height>310</height>
		<depth>3</depth>
	</size>
	<segmented>0</segmented>
	<object>
		<name>Chickenpox</name>
		<pose>Unspecified</pose>
		<truncated>0</truncated>
		<difficult>0</difficult>
		<bndbox>
			<xmin>527</xmin>
			<ymin>168</ymin>
			<xmax>564</xmax>
			<ymax>200</ymax>
		</bndbox>
	</object>
	<object>
		<name>Chickenpox</name>
		<pose>Unspecified</pose>
		<truncated>0</truncated>
		<difficult>0</difficult>
		<bndbox>
			<xmin>255</xmin>
			<ymin>51</ymin>
			<xmax>287</xmax>
			<ymax>76</ymax>
		</bndbox>
	</object>
	<object>
		<name>Chickenpox</name>
		<pose>Unspecified</pose>
		<truncated>0</truncated>
		<difficult>0</difficult>
		<bndbox>
			<xmin>59</xmin>
			<ymin>213</ymin>
			<xmax>102</xmax>
			<ymax>248</ymax>
		</bndbox>
	</object>
	<object>
		<name>Chickenpox</name>
		<pose>Unspecified</pose>
		<truncated>0</truncated>
		<difficult>0</difficult>
		<bndbox>
			<xmin>95</xmin>
			<ymin>28</ymin>
			<xmax>114</xmax>
			<ymax>41</ymax>
		</bndbox>
	</object>
</annotation>
