<annotation>
	<folder>JPEGImages_SR</folder>
	<filename>Chickenpox_73.jpg</filename>
	<path>C:\Users\ASUS\Desktop\data\VOCdevkit\VOC2007\JPEGImages_SR\Chickenpox_73.jpg</path>
	<source>
		<database>Unknown</database>
	</source>
	<size>
		<width>360</width>
		<height>240</height>
		<depth>3</depth>
	</size>
	<segmented>0</segmented>
	<object>
		<name>Chickenpox</name>
		<pose>Unspecified</pose>
		<truncated>0</truncated>
		<difficult>0</difficult>
		<bndbox>
			<xmin>54</xmin>
			<ymin>166</ymin>
			<xmax>67</xmax>
			<ymax>175</ymax>
		</bndbox>
	</object>
	<object>
		<name>Chickenpox</name>
		<pose>Unspecified</pose>
		<truncated>0</truncated>
		<difficult>0</difficult>
		<bndbox>
			<xmin>48</xmin>
			<ymin>214</ymin>
			<xmax>58</xmax>
			<ymax>222</ymax>
		</bndbox>
	</object>
	<object>
		<name>Chickenpox</name>
		<pose>Unspecified</pose>
		<truncated>0</truncated>
		<difficult>0</difficult>
		<bndbox>
			<xmin>91</xmin>
			<ymin>216</ymin>
			<xmax>101</xmax>
			<ymax>224</ymax>
		</bndbox>
	</object>
	<object>
		<name>Chickenpox</name>
		<pose>Unspecified</pose>
		<truncated>0</truncated>
		<difficult>0</difficult>
		<bndbox>
			<xmin>120</xmin>
			<ymin>197</ymin>
			<xmax>129</xmax>
			<ymax>204</ymax>
		</bndbox>
	</object>
	<object>
		<name>Chickenpox</name>
		<pose>Unspecified</pose>
		<truncated>0</truncated>
		<difficult>0</difficult>
		<bndbox>
			<xmin>159</xmin>
			<ymin>205</ymin>
			<xmax>170</xmax>
			<ymax>213</ymax>
		</bndbox>
	</object>
	<object>
		<name>Chickenpox</name>
		<pose>Unspecified</pose>
		<truncated>0</truncated>
		<difficult>0</difficult>
		<bndbox>
			<xmin>186</xmin>
			<ymin>219</ymin>
			<xmax>195</xmax>
			<ymax>227</ymax>
		</bndbox>
	</object>
	<object>
		<name>Chickenpox</name>
		<pose>Unspecified</pose>
		<truncated>0</truncated>
		<difficult>0</difficult>
		<bndbox>
			<xmin>75</xmin>
			<ymin>225</ymin>
			<xmax>84</xmax>
			<ymax>232</ymax>
		</bndbox>
	</object>
	<object>
		<name>Chickenpox</name>
		<pose>Unspecified</pose>
		<truncated>0</truncated>
		<difficult>0</difficult>
		<bndbox>
			<xmin>134</xmin>
			<ymin>123</ymin>
			<xmax>140</xmax>
			<ymax>129</ymax>
		</bndbox>
	</object>
	<object>
		<name>Chickenpox</name>
		<pose>Unspecified</pose>
		<truncated>0</truncated>
		<difficult>0</difficult>
		<bndbox>
			<xmin>131</xmin>
			<ymin>97</ymin>
			<xmax>137</xmax>
			<ymax>103</ymax>
		</bndbox>
	</object>
	<object>
		<name>Chickenpox</name>
		<pose>Unspecified</pose>
		<truncated>0</truncated>
		<difficult>0</difficult>
		<bndbox>
			<xmin>117</xmin>
			<ymin>77</ymin>
			<xmax>125</xmax>
			<ymax>85</ymax>
		</bndbox>
	</object>
</annotation>
