<annotation>
	<folder>JPEGImages_SR</folder>
	<filename>Chickenpox_115.jpg</filename>
	<path>C:\Users\ASUS\Desktop\data\VOCdevkit\VOC2007\JPEGImages_SR\Chickenpox_115.jpg</path>
	<source>
		<database>Unknown</database>
	</source>
	<size>
		<width>600</width>
		<height>663</height>
		<depth>3</depth>
	</size>
	<segmented>0</segmented>
	<object>
		<name>Chickenpox</name>
		<pose>Unspecified</pose>
		<truncated>0</truncated>
		<difficult>0</difficult>
		<bndbox>
			<xmin>160</xmin>
			<ymin>85</ymin>
			<xmax>174</xmax>
			<ymax>98</ymax>
		</bndbox>
	</object>
	<object>
		<name>Chickenpox</name>
		<pose>Unspecified</pose>
		<truncated>0</truncated>
		<difficult>0</difficult>
		<bndbox>
			<xmin>181</xmin>
			<ymin>91</ymin>
			<xmax>194</xmax>
			<ymax>104</ymax>
		</bndbox>
	</object>
	<object>
		<name>Chickenpox</name>
		<pose>Unspecified</pose>
		<truncated>0</truncated>
		<difficult>0</difficult>
		<bndbox>
			<xmin>168</xmin>
			<ymin>68</ymin>
			<xmax>181</xmax>
			<ymax>81</ymax>
		</bndbox>
	</object>
	<object>
		<name>Chickenpox</name>
		<pose>Unspecified</pose>
		<truncated>0</truncated>
		<difficult>0</difficult>
		<bndbox>
			<xmin>146</xmin>
			<ymin>63</ymin>
			<xmax>157</xmax>
			<ymax>71</ymax>
		</bndbox>
	</object>
	<object>
		<name>Chickenpox</name>
		<pose>Unspecified</pose>
		<truncated>0</truncated>
		<difficult>0</difficult>
		<bndbox>
			<xmin>139</xmin>
			<ymin>75</ymin>
			<xmax>148</xmax>
			<ymax>85</ymax>
		</bndbox>
	</object>
	<object>
		<name>Chickenpox</name>
		<pose>Unspecified</pose>
		<truncated>0</truncated>
		<difficult>0</difficult>
		<bndbox>
			<xmin>35</xmin>
			<ymin>103</ymin>
			<xmax>47</xmax>
			<ymax>114</ymax>
		</bndbox>
	</object>
	<object>
		<name>Chickenpox</name>
		<pose>Unspecified</pose>
		<truncated>0</truncated>
		<difficult>0</difficult>
		<bndbox>
			<xmin>150</xmin>
			<ymin>131</ymin>
			<xmax>166</xmax>
			<ymax>143</ymax>
		</bndbox>
	</object>
	<object>
		<name>Chickenpox</name>
		<pose>Unspecified</pose>
		<truncated>0</truncated>
		<difficult>0</difficult>
		<bndbox>
			<xmin>227</xmin>
			<ymin>124</ymin>
			<xmax>242</xmax>
			<ymax>137</ymax>
		</bndbox>
	</object>
	<object>
		<name>Chickenpox</name>
		<pose>Unspecified</pose>
		<truncated>0</truncated>
		<difficult>0</difficult>
		<bndbox>
			<xmin>46</xmin>
			<ymin>163</ymin>
			<xmax>61</xmax>
			<ymax>179</ymax>
		</bndbox>
	</object>
	<object>
		<name>Chickenpox</name>
		<pose>Unspecified</pose>
		<truncated>0</truncated>
		<difficult>0</difficult>
		<bndbox>
			<xmin>70</xmin>
			<ymin>159</ymin>
			<xmax>80</xmax>
			<ymax>170</ymax>
		</bndbox>
	</object>
	<object>
		<name>Chickenpox</name>
		<pose>Unspecified</pose>
		<truncated>0</truncated>
		<difficult>0</difficult>
		<bndbox>
			<xmin>72</xmin>
			<ymin>219</ymin>
			<xmax>85</xmax>
			<ymax>232</ymax>
		</bndbox>
	</object>
	<object>
		<name>Chickenpox</name>
		<pose>Unspecified</pose>
		<truncated>0</truncated>
		<difficult>0</difficult>
		<bndbox>
			<xmin>149</xmin>
			<ymin>224</ymin>
			<xmax>163</xmax>
			<ymax>237</ymax>
		</bndbox>
	</object>
	<object>
		<name>Chickenpox</name>
		<pose>Unspecified</pose>
		<truncated>0</truncated>
		<difficult>0</difficult>
		<bndbox>
			<xmin>203</xmin>
			<ymin>143</ymin>
			<xmax>216</xmax>
			<ymax>156</ymax>
		</bndbox>
	</object>
	<object>
		<name>Chickenpox</name>
		<pose>Unspecified</pose>
		<truncated>0</truncated>
		<difficult>0</difficult>
		<bndbox>
			<xmin>212</xmin>
			<ymin>163</ymin>
			<xmax>227</xmax>
			<ymax>176</ymax>
		</bndbox>
	</object>
	<object>
		<name>Chickenpox</name>
		<pose>Unspecified</pose>
		<truncated>0</truncated>
		<difficult>0</difficult>
		<bndbox>
			<xmin>218</xmin>
			<ymin>183</ymin>
			<xmax>233</xmax>
			<ymax>194</ymax>
		</bndbox>
	</object>
	<object>
		<name>Chickenpox</name>
		<pose>Unspecified</pose>
		<truncated>0</truncated>
		<difficult>0</difficult>
		<bndbox>
			<xmin>296</xmin>
			<ymin>142</ymin>
			<xmax>311</xmax>
			<ymax>156</ymax>
		</bndbox>
	</object>
	<object>
		<name>Chickenpox</name>
		<pose>Unspecified</pose>
		<truncated>0</truncated>
		<difficult>0</difficult>
		<bndbox>
			<xmin>318</xmin>
			<ymin>150</ymin>
			<xmax>331</xmax>
			<ymax>163</ymax>
		</bndbox>
	</object>
	<object>
		<name>Chickenpox</name>
		<pose>Unspecified</pose>
		<truncated>0</truncated>
		<difficult>0</difficult>
		<bndbox>
			<xmin>292</xmin>
			<ymin>95</ymin>
			<xmax>309</xmax>
			<ymax>111</ymax>
		</bndbox>
	</object>
	<object>
		<name>Chickenpox</name>
		<pose>Unspecified</pose>
		<truncated>0</truncated>
		<difficult>0</difficult>
		<bndbox>
			<xmin>373</xmin>
			<ymin>165</ymin>
			<xmax>387</xmax>
			<ymax>177</ymax>
		</bndbox>
	</object>
	<object>
		<name>Chickenpox</name>
		<pose>Unspecified</pose>
		<truncated>0</truncated>
		<difficult>0</difficult>
		<bndbox>
			<xmin>432</xmin>
			<ymin>128</ymin>
			<xmax>453</xmax>
			<ymax>151</ymax>
		</bndbox>
	</object>
	<object>
		<name>Chickenpox</name>
		<pose>Unspecified</pose>
		<truncated>0</truncated>
		<difficult>0</difficult>
		<bndbox>
			<xmin>407</xmin>
			<ymin>196</ymin>
			<xmax>423</xmax>
			<ymax>209</ymax>
		</bndbox>
	</object>
	<object>
		<name>Chickenpox</name>
		<pose>Unspecified</pose>
		<truncated>0</truncated>
		<difficult>0</difficult>
		<bndbox>
			<xmin>424</xmin>
			<ymin>171</ymin>
			<xmax>445</xmax>
			<ymax>192</ymax>
		</bndbox>
	</object>
	<object>
		<name>Chickenpox</name>
		<pose>Unspecified</pose>
		<truncated>0</truncated>
		<difficult>0</difficult>
		<bndbox>
			<xmin>424</xmin>
			<ymin>102</ymin>
			<xmax>435</xmax>
			<ymax>111</ymax>
		</bndbox>
	</object>
	<object>
		<name>Chickenpox</name>
		<pose>Unspecified</pose>
		<truncated>0</truncated>
		<difficult>0</difficult>
		<bndbox>
			<xmin>371</xmin>
			<ymin>88</ymin>
			<xmax>385</xmax>
			<ymax>98</ymax>
		</bndbox>
	</object>
	<object>
		<name>Chickenpox</name>
		<pose>Unspecified</pose>
		<truncated>0</truncated>
		<difficult>0</difficult>
		<bndbox>
			<xmin>444</xmin>
			<ymin>92</ymin>
			<xmax>455</xmax>
			<ymax>104</ymax>
		</bndbox>
	</object>
	<object>
		<name>Chickenpox</name>
		<pose>Unspecified</pose>
		<truncated>0</truncated>
		<difficult>0</difficult>
		<bndbox>
			<xmin>496</xmin>
			<ymin>125</ymin>
			<xmax>507</xmax>
			<ymax>137</ymax>
		</bndbox>
	</object>
	<object>
		<name>Chickenpox</name>
		<pose>Unspecified</pose>
		<truncated>0</truncated>
		<difficult>0</difficult>
		<bndbox>
			<xmin>387</xmin>
			<ymin>110</ymin>
			<xmax>401</xmax>
			<ymax>121</ymax>
		</bndbox>
	</object>
	<object>
		<name>Chickenpox</name>
		<pose>Unspecified</pose>
		<truncated>0</truncated>
		<difficult>0</difficult>
		<bndbox>
			<xmin>493</xmin>
			<ymin>168</ymin>
			<xmax>517</xmax>
			<ymax>188</ymax>
		</bndbox>
	</object>
	<object>
		<name>Chickenpox</name>
		<pose>Unspecified</pose>
		<truncated>0</truncated>
		<difficult>0</difficult>
		<bndbox>
			<xmin>550</xmin>
			<ymin>187</ymin>
			<xmax>568</xmax>
			<ymax>202</ymax>
		</bndbox>
	</object>
	<object>
		<name>Chickenpox</name>
		<pose>Unspecified</pose>
		<truncated>0</truncated>
		<difficult>0</difficult>
		<bndbox>
			<xmin>544</xmin>
			<ymin>104</ymin>
			<xmax>555</xmax>
			<ymax>116</ymax>
		</bndbox>
	</object>
	<object>
		<name>Chickenpox</name>
		<pose>Unspecified</pose>
		<truncated>0</truncated>
		<difficult>0</difficult>
		<bndbox>
			<xmin>489</xmin>
			<ymin>67</ymin>
			<xmax>500</xmax>
			<ymax>78</ymax>
		</bndbox>
	</object>
	<object>
		<name>Chickenpox</name>
		<pose>Unspecified</pose>
		<truncated>0</truncated>
		<difficult>0</difficult>
		<bndbox>
			<xmin>269</xmin>
			<ymin>228</ymin>
			<xmax>281</xmax>
			<ymax>244</ymax>
		</bndbox>
	</object>
	<object>
		<name>Chickenpox</name>
		<pose>Unspecified</pose>
		<truncated>0</truncated>
		<difficult>0</difficult>
		<bndbox>
			<xmin>319</xmin>
			<ymin>217</ymin>
			<xmax>334</xmax>
			<ymax>235</ymax>
		</bndbox>
	</object>
	<object>
		<name>Chickenpox</name>
		<pose>Unspecified</pose>
		<truncated>0</truncated>
		<difficult>0</difficult>
		<bndbox>
			<xmin>378</xmin>
			<ymin>227</ymin>
			<xmax>392</xmax>
			<ymax>244</ymax>
		</bndbox>
	</object>
	<object>
		<name>Chickenpox</name>
		<pose>Unspecified</pose>
		<truncated>0</truncated>
		<difficult>0</difficult>
		<bndbox>
			<xmin>336</xmin>
			<ymin>205</ymin>
			<xmax>350</xmax>
			<ymax>220</ymax>
		</bndbox>
	</object>
	<object>
		<name>Chickenpox</name>
		<pose>Unspecified</pose>
		<truncated>0</truncated>
		<difficult>0</difficult>
		<bndbox>
			<xmin>331</xmin>
			<ymin>233</ymin>
			<xmax>346</xmax>
			<ymax>248</ymax>
		</bndbox>
	</object>
	<object>
		<name>Chickenpox</name>
		<pose>Unspecified</pose>
		<truncated>0</truncated>
		<difficult>0</difficult>
		<bndbox>
			<xmin>259</xmin>
			<ymin>288</ymin>
			<xmax>277</xmax>
			<ymax>307</ymax>
		</bndbox>
	</object>
	<object>
		<name>Chickenpox</name>
		<pose>Unspecified</pose>
		<truncated>0</truncated>
		<difficult>0</difficult>
		<bndbox>
			<xmin>183</xmin>
			<ymin>255</ymin>
			<xmax>199</xmax>
			<ymax>269</ymax>
		</bndbox>
	</object>
	<object>
		<name>Chickenpox</name>
		<pose>Unspecified</pose>
		<truncated>0</truncated>
		<difficult>0</difficult>
		<bndbox>
			<xmin>164</xmin>
			<ymin>287</ymin>
			<xmax>177</xmax>
			<ymax>302</ymax>
		</bndbox>
	</object>
	<object>
		<name>Chickenpox</name>
		<pose>Unspecified</pose>
		<truncated>0</truncated>
		<difficult>0</difficult>
		<bndbox>
			<xmin>99</xmin>
			<ymin>267</ymin>
			<xmax>116</xmax>
			<ymax>281</ymax>
		</bndbox>
	</object>
	<object>
		<name>Chickenpox</name>
		<pose>Unspecified</pose>
		<truncated>0</truncated>
		<difficult>0</difficult>
		<bndbox>
			<xmin>122</xmin>
			<ymin>298</ymin>
			<xmax>133</xmax>
			<ymax>312</ymax>
		</bndbox>
	</object>
	<object>
		<name>Chickenpox</name>
		<pose>Unspecified</pose>
		<truncated>0</truncated>
		<difficult>0</difficult>
		<bndbox>
			<xmin>129</xmin>
			<ymin>325</ymin>
			<xmax>153</xmax>
			<ymax>344</ymax>
		</bndbox>
	</object>
	<object>
		<name>Chickenpox</name>
		<pose>Unspecified</pose>
		<truncated>0</truncated>
		<difficult>0</difficult>
		<bndbox>
			<xmin>164</xmin>
			<ymin>350</ymin>
			<xmax>181</xmax>
			<ymax>368</ymax>
		</bndbox>
	</object>
	<object>
		<name>Chickenpox</name>
		<pose>Unspecified</pose>
		<truncated>0</truncated>
		<difficult>0</difficult>
		<bndbox>
			<xmin>199</xmin>
			<ymin>363</ymin>
			<xmax>234</xmax>
			<ymax>387</ymax>
		</bndbox>
	</object>
	<object>
		<name>Chickenpox</name>
		<pose>Unspecified</pose>
		<truncated>0</truncated>
		<difficult>0</difficult>
		<bndbox>
			<xmin>200</xmin>
			<ymin>341</ymin>
			<xmax>214</xmax>
			<ymax>352</ymax>
		</bndbox>
	</object>
	<object>
		<name>Chickenpox</name>
		<pose>Unspecified</pose>
		<truncated>0</truncated>
		<difficult>0</difficult>
		<bndbox>
			<xmin>174</xmin>
			<ymin>335</ymin>
			<xmax>189</xmax>
			<ymax>350</ymax>
		</bndbox>
	</object>
	<object>
		<name>Chickenpox</name>
		<pose>Unspecified</pose>
		<truncated>0</truncated>
		<difficult>0</difficult>
		<bndbox>
			<xmin>369</xmin>
			<ymin>294</ymin>
			<xmax>386</xmax>
			<ymax>313</ymax>
		</bndbox>
	</object>
	<object>
		<name>Chickenpox</name>
		<pose>Unspecified</pose>
		<truncated>0</truncated>
		<difficult>0</difficult>
		<bndbox>
			<xmin>438</xmin>
			<ymin>290</ymin>
			<xmax>457</xmax>
			<ymax>305</ymax>
		</bndbox>
	</object>
	<object>
		<name>Chickenpox</name>
		<pose>Unspecified</pose>
		<truncated>0</truncated>
		<difficult>0</difficult>
		<bndbox>
			<xmin>486</xmin>
			<ymin>208</ymin>
			<xmax>504</xmax>
			<ymax>234</ymax>
		</bndbox>
	</object>
	<object>
		<name>Chickenpox</name>
		<pose>Unspecified</pose>
		<truncated>0</truncated>
		<difficult>0</difficult>
		<bndbox>
			<xmin>478</xmin>
			<ymin>268</ymin>
			<xmax>487</xmax>
			<ymax>278</ymax>
		</bndbox>
	</object>
	<object>
		<name>Chickenpox</name>
		<pose>Unspecified</pose>
		<truncated>0</truncated>
		<difficult>0</difficult>
		<bndbox>
			<xmin>461</xmin>
			<ymin>222</ymin>
			<xmax>470</xmax>
			<ymax>235</ymax>
		</bndbox>
	</object>
	<object>
		<name>Chickenpox</name>
		<pose>Unspecified</pose>
		<truncated>0</truncated>
		<difficult>0</difficult>
		<bndbox>
			<xmin>403</xmin>
			<ymin>265</ymin>
			<xmax>420</xmax>
			<ymax>280</ymax>
		</bndbox>
	</object>
	<object>
		<name>Chickenpox</name>
		<pose>Unspecified</pose>
		<truncated>0</truncated>
		<difficult>0</difficult>
		<bndbox>
			<xmin>561</xmin>
			<ymin>335</ymin>
			<xmax>577</xmax>
			<ymax>350</ymax>
		</bndbox>
	</object>
	<object>
		<name>Chickenpox</name>
		<pose>Unspecified</pose>
		<truncated>0</truncated>
		<difficult>0</difficult>
		<bndbox>
			<xmin>520</xmin>
			<ymin>281</ymin>
			<xmax>532</xmax>
			<ymax>294</ymax>
		</bndbox>
	</object>
	<object>
		<name>Chickenpox</name>
		<pose>Unspecified</pose>
		<truncated>0</truncated>
		<difficult>0</difficult>
		<bndbox>
			<xmin>324</xmin>
			<ymin>337</ymin>
			<xmax>340</xmax>
			<ymax>350</ymax>
		</bndbox>
	</object>
	<object>
		<name>Chickenpox</name>
		<pose>Unspecified</pose>
		<truncated>0</truncated>
		<difficult>0</difficult>
		<bndbox>
			<xmin>348</xmin>
			<ymin>361</ymin>
			<xmax>364</xmax>
			<ymax>376</ymax>
		</bndbox>
	</object>
	<object>
		<name>Chickenpox</name>
		<pose>Unspecified</pose>
		<truncated>0</truncated>
		<difficult>0</difficult>
		<bndbox>
			<xmin>400</xmin>
			<ymin>355</ymin>
			<xmax>414</xmax>
			<ymax>367</ymax>
		</bndbox>
	</object>
	<object>
		<name>Chickenpox</name>
		<pose>Unspecified</pose>
		<truncated>0</truncated>
		<difficult>0</difficult>
		<bndbox>
			<xmin>96</xmin>
			<ymin>378</ymin>
			<xmax>114</xmax>
			<ymax>400</ymax>
		</bndbox>
	</object>
	<object>
		<name>Chickenpox</name>
		<pose>Unspecified</pose>
		<truncated>0</truncated>
		<difficult>0</difficult>
		<bndbox>
			<xmin>133</xmin>
			<ymin>470</ymin>
			<xmax>155</xmax>
			<ymax>488</ymax>
		</bndbox>
	</object>
	<object>
		<name>Chickenpox</name>
		<pose>Unspecified</pose>
		<truncated>0</truncated>
		<difficult>0</difficult>
		<bndbox>
			<xmin>162</xmin>
			<ymin>517</ymin>
			<xmax>181</xmax>
			<ymax>534</ymax>
		</bndbox>
	</object>
	<object>
		<name>Chickenpox</name>
		<pose>Unspecified</pose>
		<truncated>0</truncated>
		<difficult>0</difficult>
		<bndbox>
			<xmin>188</xmin>
			<ymin>456</ymin>
			<xmax>216</xmax>
			<ymax>476</ymax>
		</bndbox>
	</object>
	<object>
		<name>Chickenpox</name>
		<pose>Unspecified</pose>
		<truncated>0</truncated>
		<difficult>0</difficult>
		<bndbox>
			<xmin>214</xmin>
			<ymin>440</ymin>
			<xmax>225</xmax>
			<ymax>451</ymax>
		</bndbox>
	</object>
	<object>
		<name>Chickenpox</name>
		<pose>Unspecified</pose>
		<truncated>0</truncated>
		<difficult>0</difficult>
		<bndbox>
			<xmin>142</xmin>
			<ymin>407</ymin>
			<xmax>173</xmax>
			<ymax>427</ymax>
		</bndbox>
	</object>
	<object>
		<name>Chickenpox</name>
		<pose>Unspecified</pose>
		<truncated>0</truncated>
		<difficult>0</difficult>
		<bndbox>
			<xmin>125</xmin>
			<ymin>440</ymin>
			<xmax>139</xmax>
			<ymax>454</ymax>
		</bndbox>
	</object>
	<object>
		<name>Chickenpox</name>
		<pose>Unspecified</pose>
		<truncated>0</truncated>
		<difficult>0</difficult>
		<bndbox>
			<xmin>118</xmin>
			<ymin>415</ymin>
			<xmax>131</xmax>
			<ymax>426</ymax>
		</bndbox>
	</object>
	<object>
		<name>Chickenpox</name>
		<pose>Unspecified</pose>
		<truncated>0</truncated>
		<difficult>0</difficult>
		<bndbox>
			<xmin>159</xmin>
			<ymin>496</ymin>
			<xmax>174</xmax>
			<ymax>509</ymax>
		</bndbox>
	</object>
	<object>
		<name>Chickenpox</name>
		<pose>Unspecified</pose>
		<truncated>0</truncated>
		<difficult>0</difficult>
		<bndbox>
			<xmin>216</xmin>
			<ymin>491</ymin>
			<xmax>231</xmax>
			<ymax>501</ymax>
		</bndbox>
	</object>
	<object>
		<name>Chickenpox</name>
		<pose>Unspecified</pose>
		<truncated>0</truncated>
		<difficult>0</difficult>
		<bndbox>
			<xmin>122</xmin>
			<ymin>511</ymin>
			<xmax>144</xmax>
			<ymax>528</ymax>
		</bndbox>
	</object>
	<object>
		<name>Chickenpox</name>
		<pose>Unspecified</pose>
		<truncated>0</truncated>
		<difficult>0</difficult>
		<bndbox>
			<xmin>111</xmin>
			<ymin>540</ymin>
			<xmax>127</xmax>
			<ymax>554</ymax>
		</bndbox>
	</object>
	<object>
		<name>Chickenpox</name>
		<pose>Unspecified</pose>
		<truncated>0</truncated>
		<difficult>0</difficult>
		<bndbox>
			<xmin>173</xmin>
			<ymin>601</ymin>
			<xmax>188</xmax>
			<ymax>613</ymax>
		</bndbox>
	</object>
	<object>
		<name>Chickenpox</name>
		<pose>Unspecified</pose>
		<truncated>0</truncated>
		<difficult>0</difficult>
		<bndbox>
			<xmin>164</xmin>
			<ymin>626</ymin>
			<xmax>178</xmax>
			<ymax>637</ymax>
		</bndbox>
	</object>
	<object>
		<name>Chickenpox</name>
		<pose>Unspecified</pose>
		<truncated>0</truncated>
		<difficult>0</difficult>
		<bndbox>
			<xmin>194</xmin>
			<ymin>616</ymin>
			<xmax>212</xmax>
			<ymax>632</ymax>
		</bndbox>
	</object>
	<object>
		<name>Chickenpox</name>
		<pose>Unspecified</pose>
		<truncated>0</truncated>
		<difficult>0</difficult>
		<bndbox>
			<xmin>200</xmin>
			<ymin>604</ymin>
			<xmax>212</xmax>
			<ymax>616</ymax>
		</bndbox>
	</object>
	<object>
		<name>Chickenpox</name>
		<pose>Unspecified</pose>
		<truncated>0</truncated>
		<difficult>0</difficult>
		<bndbox>
			<xmin>285</xmin>
			<ymin>626</ymin>
			<xmax>303</xmax>
			<ymax>640</ymax>
		</bndbox>
	</object>
	<object>
		<name>Chickenpox</name>
		<pose>Unspecified</pose>
		<truncated>0</truncated>
		<difficult>0</difficult>
		<bndbox>
			<xmin>317</xmin>
			<ymin>535</ymin>
			<xmax>333</xmax>
			<ymax>549</ymax>
		</bndbox>
	</object>
	<object>
		<name>Chickenpox</name>
		<pose>Unspecified</pose>
		<truncated>0</truncated>
		<difficult>0</difficult>
		<bndbox>
			<xmin>278</xmin>
			<ymin>565</ymin>
			<xmax>300</xmax>
			<ymax>584</ymax>
		</bndbox>
	</object>
	<object>
		<name>Chickenpox</name>
		<pose>Unspecified</pose>
		<truncated>0</truncated>
		<difficult>0</difficult>
		<bndbox>
			<xmin>388</xmin>
			<ymin>563</ymin>
			<xmax>407</xmax>
			<ymax>579</ymax>
		</bndbox>
	</object>
	<object>
		<name>Chickenpox</name>
		<pose>Unspecified</pose>
		<truncated>0</truncated>
		<difficult>0</difficult>
		<bndbox>
			<xmin>396</xmin>
			<ymin>613</ymin>
			<xmax>407</xmax>
			<ymax>624</ymax>
		</bndbox>
	</object>
	<object>
		<name>Chickenpox</name>
		<pose>Unspecified</pose>
		<truncated>0</truncated>
		<difficult>0</difficult>
		<bndbox>
			<xmin>350</xmin>
			<ymin>601</ymin>
			<xmax>367</xmax>
			<ymax>611</ymax>
		</bndbox>
	</object>
	<object>
		<name>Chickenpox</name>
		<pose>Unspecified</pose>
		<truncated>0</truncated>
		<difficult>0</difficult>
		<bndbox>
			<xmin>343</xmin>
			<ymin>626</ymin>
			<xmax>354</xmax>
			<ymax>638</ymax>
		</bndbox>
	</object>
	<object>
		<name>Chickenpox</name>
		<pose>Unspecified</pose>
		<truncated>0</truncated>
		<difficult>0</difficult>
		<bndbox>
			<xmin>324</xmin>
			<ymin>581</ymin>
			<xmax>337</xmax>
			<ymax>593</ymax>
		</bndbox>
	</object>
	<object>
		<name>Chickenpox</name>
		<pose>Unspecified</pose>
		<truncated>0</truncated>
		<difficult>0</difficult>
		<bndbox>
			<xmin>350</xmin>
			<ymin>574</ymin>
			<xmax>362</xmax>
			<ymax>585</ymax>
		</bndbox>
	</object>
	<object>
		<name>Chickenpox</name>
		<pose>Unspecified</pose>
		<truncated>0</truncated>
		<difficult>0</difficult>
		<bndbox>
			<xmin>345</xmin>
			<ymin>552</ymin>
			<xmax>357</xmax>
			<ymax>563</ymax>
		</bndbox>
	</object>
	<object>
		<name>Chickenpox</name>
		<pose>Unspecified</pose>
		<truncated>0</truncated>
		<difficult>0</difficult>
		<bndbox>
			<xmin>385</xmin>
			<ymin>516</ymin>
			<xmax>400</xmax>
			<ymax>531</ymax>
		</bndbox>
	</object>
	<object>
		<name>Chickenpox</name>
		<pose>Unspecified</pose>
		<truncated>0</truncated>
		<difficult>0</difficult>
		<bndbox>
			<xmin>398</xmin>
			<ymin>497</ymin>
			<xmax>414</xmax>
			<ymax>511</ymax>
		</bndbox>
	</object>
	<object>
		<name>Chickenpox</name>
		<pose>Unspecified</pose>
		<truncated>0</truncated>
		<difficult>0</difficult>
		<bndbox>
			<xmin>392</xmin>
			<ymin>461</ymin>
			<xmax>405</xmax>
			<ymax>476</ymax>
		</bndbox>
	</object>
	<object>
		<name>Chickenpox</name>
		<pose>Unspecified</pose>
		<truncated>0</truncated>
		<difficult>0</difficult>
		<bndbox>
			<xmin>442</xmin>
			<ymin>462</ymin>
			<xmax>457</xmax>
			<ymax>478</ymax>
		</bndbox>
	</object>
	<object>
		<name>Chickenpox</name>
		<pose>Unspecified</pose>
		<truncated>0</truncated>
		<difficult>0</difficult>
		<bndbox>
			<xmin>337</xmin>
			<ymin>431</ymin>
			<xmax>349</xmax>
			<ymax>445</ymax>
		</bndbox>
	</object>
	<object>
		<name>Chickenpox</name>
		<pose>Unspecified</pose>
		<truncated>0</truncated>
		<difficult>0</difficult>
		<bndbox>
			<xmin>320</xmin>
			<ymin>454</ymin>
			<xmax>341</xmax>
			<ymax>468</ymax>
		</bndbox>
	</object>
	<object>
		<name>Chickenpox</name>
		<pose>Unspecified</pose>
		<truncated>0</truncated>
		<difficult>0</difficult>
		<bndbox>
			<xmin>315</xmin>
			<ymin>478</ymin>
			<xmax>328</xmax>
			<ymax>488</ymax>
		</bndbox>
	</object>
	<object>
		<name>Chickenpox</name>
		<pose>Unspecified</pose>
		<truncated>0</truncated>
		<difficult>0</difficult>
		<bndbox>
			<xmin>229</xmin>
			<ymin>448</ymin>
			<xmax>242</xmax>
			<ymax>459</ymax>
		</bndbox>
	</object>
	<object>
		<name>Chickenpox</name>
		<pose>Unspecified</pose>
		<truncated>0</truncated>
		<difficult>0</difficult>
		<bndbox>
			<xmin>291</xmin>
			<ymin>411</ymin>
			<xmax>305</xmax>
			<ymax>424</ymax>
		</bndbox>
	</object>
	<object>
		<name>Chickenpox</name>
		<pose>Unspecified</pose>
		<truncated>0</truncated>
		<difficult>0</difficult>
		<bndbox>
			<xmin>314</xmin>
			<ymin>395</ymin>
			<xmax>330</xmax>
			<ymax>410</ymax>
		</bndbox>
	</object>
	<object>
		<name>Chickenpox</name>
		<pose>Unspecified</pose>
		<truncated>0</truncated>
		<difficult>0</difficult>
		<bndbox>
			<xmin>287</xmin>
			<ymin>366</ymin>
			<xmax>318</xmax>
			<ymax>385</ymax>
		</bndbox>
	</object>
	<object>
		<name>Chickenpox</name>
		<pose>Unspecified</pose>
		<truncated>0</truncated>
		<difficult>0</difficult>
		<bndbox>
			<xmin>364</xmin>
			<ymin>411</ymin>
			<xmax>391</xmax>
			<ymax>444</ymax>
		</bndbox>
	</object>
	<object>
		<name>Chickenpox</name>
		<pose>Unspecified</pose>
		<truncated>0</truncated>
		<difficult>0</difficult>
		<bndbox>
			<xmin>424</xmin>
			<ymin>381</ymin>
			<xmax>439</xmax>
			<ymax>395</ymax>
		</bndbox>
	</object>
	<object>
		<name>Chickenpox</name>
		<pose>Unspecified</pose>
		<truncated>0</truncated>
		<difficult>0</difficult>
		<bndbox>
			<xmin>471</xmin>
			<ymin>391</ymin>
			<xmax>483</xmax>
			<ymax>404</ymax>
		</bndbox>
	</object>
	<object>
		<name>Chickenpox</name>
		<pose>Unspecified</pose>
		<truncated>0</truncated>
		<difficult>0</difficult>
		<bndbox>
			<xmin>427</xmin>
			<ymin>483</ymin>
			<xmax>439</xmax>
			<ymax>493</ymax>
		</bndbox>
	</object>
	<object>
		<name>Chickenpox</name>
		<pose>Unspecified</pose>
		<truncated>0</truncated>
		<difficult>0</difficult>
		<bndbox>
			<xmin>271</xmin>
			<ymin>311</ymin>
			<xmax>281</xmax>
			<ymax>322</ymax>
		</bndbox>
	</object>
	<object>
		<name>Chickenpox</name>
		<pose>Unspecified</pose>
		<truncated>0</truncated>
		<difficult>0</difficult>
		<bndbox>
			<xmin>153</xmin>
			<ymin>162</ymin>
			<xmax>165</xmax>
			<ymax>174</ymax>
		</bndbox>
	</object>
	<object>
		<name>Chickenpox</name>
		<pose>Unspecified</pose>
		<truncated>0</truncated>
		<difficult>0</difficult>
		<bndbox>
			<xmin>291</xmin>
			<ymin>224</ymin>
			<xmax>305</xmax>
			<ymax>241</ymax>
		</bndbox>
	</object>
	<object>
		<name>Chickenpox</name>
		<pose>Unspecified</pose>
		<truncated>0</truncated>
		<difficult>0</difficult>
		<bndbox>
			<xmin>353</xmin>
			<ymin>276</ymin>
			<xmax>368</xmax>
			<ymax>287</ymax>
		</bndbox>
	</object>
	<object>
		<name>Chickenpox</name>
		<pose>Unspecified</pose>
		<truncated>0</truncated>
		<difficult>0</difficult>
		<bndbox>
			<xmin>350</xmin>
			<ymin>385</ymin>
			<xmax>365</xmax>
			<ymax>397</ymax>
		</bndbox>
	</object>
	<object>
		<name>Chickenpox</name>
		<pose>Unspecified</pose>
		<truncated>0</truncated>
		<difficult>0</difficult>
		<bndbox>
			<xmin>257</xmin>
			<ymin>496</ymin>
			<xmax>270</xmax>
			<ymax>507</ymax>
		</bndbox>
	</object>
	<object>
		<name>Chickenpox</name>
		<pose>Unspecified</pose>
		<truncated>0</truncated>
		<difficult>0</difficult>
		<bndbox>
			<xmin>212</xmin>
			<ymin>579</ymin>
			<xmax>225</xmax>
			<ymax>590</ymax>
		</bndbox>
	</object>
	<object>
		<name>Chickenpox</name>
		<pose>Unspecified</pose>
		<truncated>0</truncated>
		<difficult>0</difficult>
		<bndbox>
			<xmin>356</xmin>
			<ymin>474</ymin>
			<xmax>372</xmax>
			<ymax>489</ymax>
		</bndbox>
	</object>
	<object>
		<name>Chickenpox</name>
		<pose>Unspecified</pose>
		<truncated>0</truncated>
		<difficult>0</difficult>
		<bndbox>
			<xmin>296</xmin>
			<ymin>194</ymin>
			<xmax>309</xmax>
			<ymax>207</ymax>
		</bndbox>
	</object>
	<object>
		<name>Chickenpox</name>
		<pose>Unspecified</pose>
		<truncated>0</truncated>
		<difficult>0</difficult>
		<bndbox>
			<xmin>555</xmin>
			<ymin>230</ymin>
			<xmax>566</xmax>
			<ymax>241</ymax>
		</bndbox>
	</object>
	<object>
		<name>Chickenpox</name>
		<pose>Unspecified</pose>
		<truncated>0</truncated>
		<difficult>0</difficult>
		<bndbox>
			<xmin>109</xmin>
			<ymin>481</ymin>
			<xmax>124</xmax>
			<ymax>495</ymax>
		</bndbox>
	</object>
	<object>
		<name>Chickenpox</name>
		<pose>Unspecified</pose>
		<truncated>0</truncated>
		<difficult>0</difficult>
		<bndbox>
			<xmin>416</xmin>
			<ymin>300</ymin>
			<xmax>429</xmax>
			<ymax>312</ymax>
		</bndbox>
	</object>
	<object>
		<name>Chickenpox</name>
		<pose>Unspecified</pose>
		<truncated>0</truncated>
		<difficult>0</difficult>
		<bndbox>
			<xmin>442</xmin>
			<ymin>317</ymin>
			<xmax>455</xmax>
			<ymax>329</ymax>
		</bndbox>
	</object>
	<object>
		<name>Chickenpox</name>
		<pose>Unspecified</pose>
		<truncated>0</truncated>
		<difficult>0</difficult>
		<bndbox>
			<xmin>194</xmin>
			<ymin>647</ymin>
			<xmax>207</xmax>
			<ymax>659</ymax>
		</bndbox>
	</object>
	<object>
		<name>Chickenpox</name>
		<pose>Unspecified</pose>
		<truncated>0</truncated>
		<difficult>0</difficult>
		<bndbox>
			<xmin>138</xmin>
			<ymin>189</ymin>
			<xmax>150</xmax>
			<ymax>202</ymax>
		</bndbox>
	</object>
</annotation>
