<annotation>
	<folder>Chickenpox</folder>
	<filename>Chickenpox_105.jpg</filename>
	<path>C:\Users\ASUS\Desktop\images\Chickenpox\Chickenpox_105.jpg</path>
	<source>
		<database>Unknown</database>
	</source>
	<size>
		<width>600</width>
		<height>900</height>
		<depth>3</depth>
	</size>
	<segmented>0</segmented>
	<object>
		<name>Chickenpox</name>
		<pose>Unspecified</pose>
		<truncated>0</truncated>
		<difficult>0</difficult>
		<bndbox>
			<xmin>89</xmin>
			<ymin>319</ymin>
			<xmax>109</xmax>
			<ymax>341</ymax>
		</bndbox>
	</object>
	<object>
		<name>Chickenpox</name>
		<pose>Unspecified</pose>
		<truncated>0</truncated>
		<difficult>0</difficult>
		<bndbox>
			<xmin>116</xmin>
			<ymin>319</ymin>
			<xmax>143</xmax>
			<ymax>348</ymax>
		</bndbox>
	</object>
	<object>
		<name>Chickenpox</name>
		<pose>Unspecified</pose>
		<truncated>0</truncated>
		<difficult>0</difficult>
		<bndbox>
			<xmin>205</xmin>
			<ymin>323</ymin>
			<xmax>226</xmax>
			<ymax>343</ymax>
		</bndbox>
	</object>
	<object>
		<name>Chickenpox</name>
		<pose>Unspecified</pose>
		<truncated>0</truncated>
		<difficult>0</difficult>
		<bndbox>
			<xmin>234</xmin>
			<ymin>372</ymin>
			<xmax>257</xmax>
			<ymax>393</ymax>
		</bndbox>
	</object>
	<object>
		<name>Chickenpox</name>
		<pose>Unspecified</pose>
		<truncated>0</truncated>
		<difficult>0</difficult>
		<bndbox>
			<xmin>385</xmin>
			<ymin>483</ymin>
			<xmax>408</xmax>
			<ymax>504</ymax>
		</bndbox>
	</object>
	<object>
		<name>Chickenpox</name>
		<pose>Unspecified</pose>
		<truncated>0</truncated>
		<difficult>0</difficult>
		<bndbox>
			<xmin>270</xmin>
			<ymin>541</ymin>
			<xmax>291</xmax>
			<ymax>565</ymax>
		</bndbox>
	</object>
	<object>
		<name>Chickenpox</name>
		<pose>Unspecified</pose>
		<truncated>0</truncated>
		<difficult>0</difficult>
		<bndbox>
			<xmin>116</xmin>
			<ymin>657</ymin>
			<xmax>137</xmax>
			<ymax>677</ymax>
		</bndbox>
	</object>
	<object>
		<name>Chickenpox</name>
		<pose>Unspecified</pose>
		<truncated>0</truncated>
		<difficult>0</difficult>
		<bndbox>
			<xmin>351</xmin>
			<ymin>678</ymin>
			<xmax>392</xmax>
			<ymax>709</ymax>
		</bndbox>
	</object>
	<object>
		<name>Chickenpox</name>
		<pose>Unspecified</pose>
		<truncated>0</truncated>
		<difficult>0</difficult>
		<bndbox>
			<xmin>429</xmin>
			<ymin>863</ymin>
			<xmax>451</xmax>
			<ymax>881</ymax>
		</bndbox>
	</object>
	<object>
		<name>Chickenpox</name>
		<pose>Unspecified</pose>
		<truncated>0</truncated>
		<difficult>0</difficult>
		<bndbox>
			<xmin>295</xmin>
			<ymin>253</ymin>
			<xmax>310</xmax>
			<ymax>268</ymax>
		</bndbox>
	</object>
	<object>
		<name>Chickenpox</name>
		<pose>Unspecified</pose>
		<truncated>0</truncated>
		<difficult>0</difficult>
		<bndbox>
			<xmin>549</xmin>
			<ymin>262</ymin>
			<xmax>567</xmax>
			<ymax>282</ymax>
		</bndbox>
	</object>
	<object>
		<name>Chickenpox</name>
		<pose>Unspecified</pose>
		<truncated>0</truncated>
		<difficult>0</difficult>
		<bndbox>
			<xmin>257</xmin>
			<ymin>70</ymin>
			<xmax>274</xmax>
			<ymax>89</ymax>
		</bndbox>
	</object>
</annotation>
