<annotation>
	<folder>Chickenpox</folder>
	<filename>Chickenpox_21.jpg</filename>
	<path>C:\Users\ASUS\Desktop\images\Chickenpox\Chickenpox_21.jpg</path>
	<source>
		<database>Unknown</database>
	</source>
	<size>
		<width>1473</width>
		<height>1152</height>
		<depth>3</depth>
	</size>
	<segmented>0</segmented>
	<object>
		<name>Chickenpox</name>
		<pose>Unspecified</pose>
		<truncated>0</truncated>
		<difficult>0</difficult>
		<bndbox>
			<xmin>726</xmin>
			<ymin>473</ymin>
			<xmax>792</xmax>
			<ymax>532</ymax>
		</bndbox>
	</object>
	<object>
		<name>Chickenpox</name>
		<pose>Unspecified</pose>
		<truncated>0</truncated>
		<difficult>0</difficult>
		<bndbox>
			<xmin>864</xmin>
			<ymin>135</ymin>
			<xmax>922</xmax>
			<ymax>180</ymax>
		</bndbox>
	</object>
	<object>
		<name>Chickenpox</name>
		<pose>Unspecified</pose>
		<truncated>0</truncated>
		<difficult>0</difficult>
		<bndbox>
			<xmin>1048</xmin>
			<ymin>59</ymin>
			<xmax>1084</xmax>
			<ymax>90</ymax>
		</bndbox>
	</object>
</annotation>
