<annotation>
	<folder>Chickenpox</folder>
	<filename>Chickenpox_150.jpg</filename>
	<path>C:\Users\ASUS\Desktop\images\Chickenpox\Chickenpox_150.jpg</path>
	<source>
		<database>Unknown</database>
	</source>
	<size>
		<width>360</width>
		<height>240</height>
		<depth>3</depth>
	</size>
	<segmented>0</segmented>
	<object>
		<name>Chickenpox</name>
		<pose>Unspecified</pose>
		<truncated>0</truncated>
		<difficult>0</difficult>
		<bndbox>
			<xmin>64</xmin>
			<ymin>57</ymin>
			<xmax>75</xmax>
			<ymax>70</ymax>
		</bndbox>
	</object>
	<object>
		<name>Chickenpox</name>
		<pose>Unspecified</pose>
		<truncated>0</truncated>
		<difficult>0</difficult>
		<bndbox>
			<xmin>107</xmin>
			<ymin>103</ymin>
			<xmax>115</xmax>
			<ymax>112</ymax>
		</bndbox>
	</object>
	<object>
		<name>Chickenpox</name>
		<pose>Unspecified</pose>
		<truncated>0</truncated>
		<difficult>0</difficult>
		<bndbox>
			<xmin>139</xmin>
			<ymin>109</ymin>
			<xmax>146</xmax>
			<ymax>118</ymax>
		</bndbox>
	</object>
	<object>
		<name>Chickenpox</name>
		<pose>Unspecified</pose>
		<truncated>0</truncated>
		<difficult>0</difficult>
		<bndbox>
			<xmin>100</xmin>
			<ymin>124</ymin>
			<xmax>111</xmax>
			<ymax>135</ymax>
		</bndbox>
	</object>
	<object>
		<name>Chickenpox</name>
		<pose>Unspecified</pose>
		<truncated>0</truncated>
		<difficult>0</difficult>
		<bndbox>
			<xmin>53</xmin>
			<ymin>124</ymin>
			<xmax>62</xmax>
			<ymax>133</ymax>
		</bndbox>
	</object>
	<object>
		<name>Chickenpox</name>
		<pose>Unspecified</pose>
		<truncated>0</truncated>
		<difficult>0</difficult>
		<bndbox>
			<xmin>169</xmin>
			<ymin>39</ymin>
			<xmax>176</xmax>
			<ymax>45</ymax>
		</bndbox>
	</object>
	<object>
		<name>Chickenpox</name>
		<pose>Unspecified</pose>
		<truncated>0</truncated>
		<difficult>0</difficult>
		<bndbox>
			<xmin>206</xmin>
			<ymin>181</ymin>
			<xmax>215</xmax>
			<ymax>191</ymax>
		</bndbox>
	</object>
	<object>
		<name>Chickenpox</name>
		<pose>Unspecified</pose>
		<truncated>0</truncated>
		<difficult>0</difficult>
		<bndbox>
			<xmin>147</xmin>
			<ymin>172</ymin>
			<xmax>155</xmax>
			<ymax>180</ymax>
		</bndbox>
	</object>
	<object>
		<name>Chickenpox</name>
		<pose>Unspecified</pose>
		<truncated>0</truncated>
		<difficult>0</difficult>
		<bndbox>
			<xmin>246</xmin>
			<ymin>160</ymin>
			<xmax>254</xmax>
			<ymax>169</ymax>
		</bndbox>
	</object>
	<object>
		<name>Chickenpox</name>
		<pose>Unspecified</pose>
		<truncated>0</truncated>
		<difficult>0</difficult>
		<bndbox>
			<xmin>237</xmin>
			<ymin>173</ymin>
			<xmax>244</xmax>
			<ymax>179</ymax>
		</bndbox>
	</object>
	<object>
		<name>Chickenpox</name>
		<pose>Unspecified</pose>
		<truncated>0</truncated>
		<difficult>0</difficult>
		<bndbox>
			<xmin>76</xmin>
			<ymin>158</ymin>
			<xmax>83</xmax>
			<ymax>164</ymax>
		</bndbox>
	</object>
	<object>
		<name>Chickenpox</name>
		<pose>Unspecified</pose>
		<truncated>0</truncated>
		<difficult>0</difficult>
		<bndbox>
			<xmin>76</xmin>
			<ymin>102</ymin>
			<xmax>82</xmax>
			<ymax>109</ymax>
		</bndbox>
	</object>
	<object>
		<name>Chickenpox</name>
		<pose>Unspecified</pose>
		<truncated>0</truncated>
		<difficult>0</difficult>
		<bndbox>
			<xmin>153</xmin>
			<ymin>108</ymin>
			<xmax>161</xmax>
			<ymax>116</ymax>
		</bndbox>
	</object>
	<object>
		<name>Chickenpox</name>
		<pose>Unspecified</pose>
		<truncated>0</truncated>
		<difficult>0</difficult>
		<bndbox>
			<xmin>217</xmin>
			<ymin>145</ymin>
			<xmax>226</xmax>
			<ymax>154</ymax>
		</bndbox>
	</object>
</annotation>
