<annotation>
	<folder>Chickenpox</folder>
	<filename>Chickenpox_112.jpg</filename>
	<path>C:\Users\fdd2013326601001\Desktop\Images\Chickenpox\Chickenpox_112.jpg</path>
	<source>
		<database>Unknown</database>
	</source>
	<size>
		<width>259</width>
		<height>194</height>
		<depth>3</depth>
	</size>
	<segmented>0</segmented>
	<object>
		<name>Chickenpox</name>
		<pose>Unspecified</pose>
		<truncated>0</truncated>
		<difficult>0</difficult>
		<bndbox>
			<xmin>123</xmin>
			<ymin>55</ymin>
			<xmax>133</xmax>
			<ymax>64</ymax>
		</bndbox>
	</object>
	<object>
		<name>Chickenpox</name>
		<pose>Unspecified</pose>
		<truncated>0</truncated>
		<difficult>0</difficult>
		<bndbox>
			<xmin>181</xmin>
			<ymin>57</ymin>
			<xmax>192</xmax>
			<ymax>66</ymax>
		</bndbox>
	</object>
	<object>
		<name>Chickenpox</name>
		<pose>Unspecified</pose>
		<truncated>0</truncated>
		<difficult>0</difficult>
		<bndbox>
			<xmin>141</xmin>
			<ymin>135</ymin>
			<xmax>153</xmax>
			<ymax>145</ymax>
		</bndbox>
	</object>
	<object>
		<name>Chickenpox</name>
		<pose>Unspecified</pose>
		<truncated>0</truncated>
		<difficult>0</difficult>
		<bndbox>
			<xmin>93</xmin>
			<ymin>71</ymin>
			<xmax>100</xmax>
			<ymax>78</ymax>
		</bndbox>
	</object>
</annotation>
