<annotation>
	<folder>Chickenpox</folder>
	<filename>Chickenpox_76.jpg</filename>
	<path>C:\Users\ASUS\Desktop\images\Chickenpox\Chickenpox_76.jpg</path>
	<source>
		<database>Unknown</database>
	</source>
	<size>
		<width>599</width>
		<height>350</height>
		<depth>3</depth>
	</size>
	<segmented>0</segmented>
	<object>
		<name>Chickenpox</name>
		<pose>Unspecified</pose>
		<truncated>0</truncated>
		<difficult>0</difficult>
		<bndbox>
			<xmin>228</xmin>
			<ymin>132</ymin>
			<xmax>343</xmax>
			<ymax>221</ymax>
		</bndbox>
	</object>
</annotation>
